{
  "alfredsnippet" : {
    "snippet" : "@PR (Diff with Main Branch) Help me write a PR description\n\nFill in this template:\n- Don't modify the checkboxes\n\n```\n<!--\n  ☝️How to write a good PR title:\n  - Prefix it with [Feature] (if applicable)\n  - Start with a verb, for example: Add, Delete, Improve, Fix…\n  - Give as much context as necessary and as little as possible\n  - Use a draft PR while it’s a work in progress\n-->\n\n### WHY are these changes introduced?\n\nFixes #0000 <!-- link to issue if one exists -->\n\n<!--\n  Context about the problem that’s being addressed.\n-->\n\n### WHAT is this pull request doing?\n\n<!--\n  Summary of the changes committed.\n  Before \/ after screenshots appreciated for UI changes.\n-->\n\n### How to test your changes?\n\n<!--\n  Please, provide steps for the reviewer to test your changes locally.\n-->\n\n### Post-release steps\n\n<!--\n  If changes require post-release steps, for example merging and publishing some documentation changes,\n  specify it in this section and add the label \"includes-post-release-steps\".\n  If it doesn't, feel free to remove this section.\n-->\n\n### Measuring impact\n\nHow do we know this change was effective? Please choose one:\n\n- [ ] n\/a - this doesn't need measurement, e.g. a linting rule or a bug-fix\n- [ ] Existing analytics will cater for this addition\n- [ ] PR includes analytics changes to measure impact\n\n### Checklist\n\n- [ ] I've considered possible cross-platform impacts (Mac, Linux, Windows)\n- [ ] I've considered possible [documentation](https:\/\/shopify.dev) changes\n```",
    "uid" : "7C98A5D3-93E2-4836-824A-9EFCE2F19467",
    "name" : "Write PR",
    "keyword" : "\/\/pr-cli"
  }
}